,(ONLY MODIFY THIS COLUMN),,,,,,,
LAB Group:,LA03-01,,,,EXAMPLE:,LAB Group:,LA0X-0X,
Student A Comp ID:,jla688,,,,,Student A Comp ID:,ksl24,
Student B Comp ID:,mqb1,,,,,Student B Comp ID:,dst5,
Test1: R-type instructions in code/input/Ri/Ri.input - 7 points,AB,,,,,Test1: R-type instructions in code/input/Ri/Ri.input - 7 points,A,"`-> ksl24 was responsible for this, because ksl24 is Student A"
Test1: I-type instructions in code/input/I/I.input - 13 points,AB,,,,,Test1: I-type instructions in code/input/I/I.input - 13 points,B,"`-> dst5 was responsible for this, because dst5 is Student B"
Test1: I-type instructions in code/input/I/L.input - 6 points,AB,,,,,Test1: I-type instructions in code/input/I/L.input - 6 points,A,
Test1: S-type instructions in code/input/S/S.input - 10 points,AB,,,,,Test1: S-type instructions in code/input/S/S.input - 10 points,B,
Test1: SB-type instructions in code/input/SB/SB.input - 10 points,AB,,,,,Test1: SB-type instructions in code/input/SB/SB.input - 10 points,A,
Test1: U-type instructions in code/input/U/U.input - 10 points,AB,,,,,Test1: U-type instructions in code/input/U/U.input - 10 points,B,
Test1: UJ-type instructions in code/input/UJ/UJ.input - 9 points,AB,,,,,Test1: UJ-type instructions in code/input/UJ/UJ.input - 9 points,A,
Test2: multiply testcase code/input/multiply.input - 15 points,AB,,,,,Test2: multiply testcase code/input/multiply.input - 15 points,AB,`-> Both ksl24 and dst5 were responsible for this (50/50)
Test2: random testcase code/input/random.input - 15 points,AB,,,,,Test2: random testcase code/input/random.input - 15 points,AB,`-> Both ksl24 and dst5 were responsible for this (50/50)
