{
	"system" : {
		"platform" : "windows64",
		"os_name" : "Windows 10",
		"os_version" : "10.0"
	},
	"error" : {
		"executable" : "quartus",
		"comment" : "not_applicable",
		"error_message" : "Access Violation at 0X000000005E6B6106",
		"source_file" : "unknown",
		"line" : "0",
		"stack_trace" : "\t 0x5e6b6105: QtGui4 + 0x3a6105 (??_FQMdiArea@@QEAAXXZ + 0x635)\n\t 0x5e6b7e54: QtGui4 + 0x3a7e54 (?eventFilter@QMdiArea@@MEAA_NPEAVQObject@@PEAVQEvent@@@Z + 0xb4)\n\t 0x5e130a62: QtCore4 + 0x110a62 (?sendThroughApplicationEventFilters@QCoreApplicationPrivate@@QEAA_NPEAVQObject@@PEAVQEvent@@@Z + 0x92)\n\t 0x5e332b7d: QtGui4 + 0x22b7d (?notify_helper@QApplicationPrivate@@QEAA_NPEAVQObject@@PEAVQEvent@@@Z + 0x1d)\n\t 0x5e3328ef: QtGui4 + 0x228ef (?notify@QApplication@@UEAA_NPEAVQObject@@PEAVQEvent@@@Z + 0x17bf)\n\t 0x5e12ec4b: QtCore4 + 0x10ec4b (?notifyInternal@QCoreApplication@@AEAA_NPEAVQObject@@PEAVQEvent@@@Z + 0x7b)\n\t 0x5e336138: QtGui4 + 0x26138 (?setActiveWindow@QApplication@@SAXPEAVQWidget@@@Z + 0x278)\n\t 0x5e397ae1: QtGui4 + 0x87ae1 (?winFocus@QApplication@@QEAAXPEAVQWidget@@_N@Z + 0x31)\n\t 0x5e3988af: QtGui4 + 0x888af (?winMouseButtonUp@QApplication@@SAXXZ + 0xd0f)\n\t0x7ff84929e857: USER32 + 0xe857 (CallWindowProcW + 0x3f7)\n\t0x7ff84929e3db: USER32 + 0xe3db (DispatchMessageW + 0x39b)\n\t0x7ff8492b0bc2: USER32 + 0x20bc2 (SendMessageTimeoutW + 0x142)\n\t0x7ff849b70b73: ntdll + 0xa0b73 (KiUserCallbackDispatcher + 0x23)\n\t0x7ff8474a1b23: win32u + 0x1b23 (NtUserShowWindow + 0x13)\n\t 0x5e3ab2f6: QtGui4 + 0x9b2f6 (?show_sys@QWidgetPrivate@@QEAAXXZ + 0x186)\n\t 0x5e381cbe: QtGui4 + 0x71cbe (?show_helper@QWidgetPrivate@@QEAAXXZ + 0x22e)\n\t 0x5e380868: QtGui4 + 0x70868 (?setVisible@QWidget@@UEAAX_N@Z + 0x308)\n\t 0x5e7391ed: QtGui4 + 0x4291ed (?setVisible@QDialog@@UEAAX_N@Z + 0xcd)\n\t 0x5e7384d1: QtGui4 + 0x4284d1 (?exec@QDialog@@QEAAHXZ + 0xa1)\n\t0x7ffffba5eaf7: GCL_AFCQ + 0x9eaf7 (?internal_error_display@AFCQ_MSG_DISPLAY@@UEAAXV?$basic_string@DU?$char_traits@D@std@@V?$allocator@D@2@@std@@@Z + 0x277)\n\t0x7ff833c4d931: CCL_MSG + 0x1d931 (?internal_error@MSG_REPORT@@UEAAXAEBV?$basic_string@DU?$char_traits@D@std@@V?$allocator@D@2@@std@@@Z + 0xf1)\n\t0x7ff833c682f7: CCL_MSG + 0x382f7 (?finalize@MSG_ERROR_INFO@@QEAAXXZ + 0x97)\n\t0x7ff833c68d8f: CCL_MSG + 0x38d8f (?report_fatal@MSG_INTERNAL_ERROR@@SAXPEBDPEAX@Z + 0x6f)\n\t0x7ff8325f451e: CCL_ERR + 0x451e (?err_report_fatal_exception@@YAXPEBDPEAX@Z + 0x7e)\n\t0x7ff8325f4399: CCL_ERR + 0x4399 (?err_handle_fatal_exception@@YAJPEAU_EXCEPTION_POINTERS@@@Z + 0xb9)\n\t0x7ff8477fff26: KERNELBASE + 0x10ff26 (UnhandledExceptionFilter + 0x1e6)\n\t0x7ff849b9f367: ntdll + 0xcf367 (LdrResolveDelayLoadsFromDll + 0xb37)\n\t0x7ff849b70adf: ntdll + 0xa0adf (KiUserApcDispatcher + 0x9f)\n\t0x7ff849b7209e: ntdll + 0xa209e (__chkstk + 0x11e)\n\t0x7ff849b21453: ntdll + 0x51453 (RtlRaiseException + 0x433)\n\t0x7ff849b70bcd: ntdll + 0xa0bcd (KiUserExceptionDispatcher + 0x2d)\n\t 0x5e6bac65: QtGui4 + 0x3aac65 (?qt_metacast@QMdiArea@@UEAAPEAXPEBD@Z + 0x475)\n\t 0x5e6bbd60: QtGui4 + 0x3abd60 (?resizeEvent@QMdiArea@@MEAAXPEAVQResizeEvent@@@Z + 0x240)\n\t 0x5e371fbd: QtGui4 + 0x61fbd (?event@QWidget@@MEAA_NPEAVQEvent@@@Z + 0x50d)\n\t 0x5e697126: QtGui4 + 0x387126 (?event@QFrame@@MEAA_NPEAVQEvent@@@Z + 0x36)\n\t 0x5e130b22: QtCore4 + 0x110b22 (?sendThroughObjectEventFilters@QCoreApplicationPrivate@@QEAA_NPEAVQObject@@PEAVQEvent@@@Z + 0x82)\n\t 0x5e332c41: QtGui4 + 0x22c41 (?notify_helper@QApplicationPrivate@@QEAA_NPEAVQObject@@PEAVQEvent@@@Z + 0xe1)\n\t 0x5e3328ef: QtGui4 + 0x228ef (?notify@QApplication@@UEAA_NPEAVQObject@@PEAVQEvent@@@Z + 0x17bf)\n\t 0x5e12ec4b: QtCore4 + 0x10ec4b (?notifyInternal@QCoreApplication@@AEAA_NPEAVQObject@@PEAVQEvent@@@Z + 0x7b)\n\t 0x5e3a9bad: QtGui4 + 0x99bad (?setGeometry_sys@QWidgetPrivate@@QEAAXHHHH_N@Z + 0xa7d)\n\t 0x5e37d660: QtGui4 + 0x6d660 (?setGeometry@QWidget@@QEAAXAEBVQRect@@@Z + 0xb0)\n\t 0x5e708c80: QtGui4 + 0x3f8c80 (?layoutChildren@QAbstractScrollAreaPrivate@@QEAAXXZ + 0x5e0)\n\t 0x5e6be407: QtGui4 + 0x3ae407 (?trUtf8@QMdiArea@@SA?AVQString@@PEBD0H@Z + 0x947)\n\t 0x5e6bdb3f: QtGui4 + 0x3adb3f (?trUtf8@QMdiArea@@SA?AVQString@@PEBD0H@Z + 0x7f)\n\t 0x5e6be64a: QtGui4 + 0x3ae64a (?viewportEvent@QMdiArea@@MEAA_NPEAVQEvent@@@Z + 0x17a)\n\t 0x5e130b22: QtCore4 + 0x110b22 (?sendThroughObjectEventFilters@QCoreApplicationPrivate@@QEAA_NPEAVQObject@@PEAVQEvent@@@Z + 0x82)\n\t 0x5e332c41: QtGui4 + 0x22c41 (?notify_helper@QApplicationPrivate@@QEAA_NPEAVQObject@@PEAVQEvent@@@Z + 0xe1)\n\t 0x5e3328ef: QtGui4 + 0x228ef (?notify@QApplication@@UEAA_NPEAVQObject@@PEAVQEvent@@@Z + 0x17bf)\n\t 0x5e12ec4b: QtCore4 + 0x10ec4b (?notifyInternal@QCoreApplication@@AEAA_NPEAVQObject@@PEAVQEvent@@@Z + 0x7b)\n\t 0x5e6c0051: QtGui4 + 0x3b0051 (?closeEvent@QMdiSubWindow@@MEAAXPEAVQCloseEvent@@@Z + 0xa1)\n\t0x7ff8003ee332: SYS_QUI + 0x3e332 (?closeEvent@QUI_MDI_SUB_WND@@MEAAXPEAVQCloseEvent@@@Z + 0x182)\n\t 0x5e371fd1: QtGui4 + 0x61fd1 (?event@QWidget@@MEAA_NPEAVQEvent@@@Z + 0x521)\n\t 0x5e332c55: QtGui4 + 0x22c55 (?notify_helper@QApplicationPrivate@@QEAA_NPEAVQObject@@PEAVQEvent@@@Z + 0xf5)\n\t 0x5e3328ef: QtGui4 + 0x228ef (?notify@QApplication@@UEAA_NPEAVQObject@@PEAVQEvent@@@Z + 0x17bf)\n\t 0x5e12ec4b: QtCore4 + 0x10ec4b (?notifyInternal@QCoreApplication@@AEAA_NPEAVQObject@@PEAVQEvent@@@Z + 0x7b)\n\t 0x5e36f6e0: QtGui4 + 0x5f6e0 (?close_helper@QWidgetPrivate@@QEAA_NW4CloseMode@1@@Z + 0xb0)\n\t0x7ff8003d4977: SYS_QUI + 0x24977 (?close_all_in_list@QUI_FRAME_WND@@IEAA_NV?$QList@PEAVQMdiSubWindow@@@@PEAVQMdiSubWindow@@U_GUID@@@Z + 0x227)\n\t0x7ff8003d4acf: SYS_QUI + 0x24acf (?close_all_windows@QUI_FRAME_WND@@QEAA_NU_GUID@@@Z + 0xff)\n\t0x7ff8003d464f: SYS_QUI + 0x2464f (?closeEvent@QUI_FRAME_WND@@MEAAXPEAVQCloseEvent@@@Z + 0x1ef)\n\t 0x5e371fd1: QtGui4 + 0x61fd1 (?event@QWidget@@MEAA_NPEAVQEvent@@@Z + 0x521)\n\t 0x5e6ae830: QtGui4 + 0x39e830 (?event@QMainWindow@@MEAA_NPEAVQEvent@@@Z + 0x280)\n\t 0x5e332c55: QtGui4 + 0x22c55 (?notify_helper@QApplicationPrivate@@QEAA_NPEAVQObject@@PEAVQEvent@@@Z + 0xf5)\n\t 0x5e3328ef: QtGui4 + 0x228ef (?notify@QApplication@@UEAA_NPEAVQObject@@PEAVQEvent@@@Z + 0x17bf)\n\t 0x5e12ec4b: QtCore4 + 0x10ec4b (?notifyInternal@QCoreApplication@@AEAA_NPEAVQObject@@PEAVQEvent@@@Z + 0x7b)\n\t 0x5e36f6d8: QtGui4 + 0x5f6d8 (?close_helper@QWidgetPrivate@@QEAA_NW4CloseMode@1@@Z + 0xa8)\n\t 0x5e398ba6: QtGui4 + 0x88ba6 (?winMouseButtonUp@QApplication@@SAXXZ + 0x1006)\n\t0x7ff84929e857: USER32 + 0xe857 (CallWindowProcW + 0x3f7)\n\t0x7ff84929e3db: USER32 + 0xe3db (DispatchMessageW + 0x39b)\n\t0x7ff8492b0bc2: USER32 + 0x20bc2 (SendMessageTimeoutW + 0x142)\n\t0x7ff849b70b73: ntdll + 0xa0b73 (KiUserCallbackDispatcher + 0x23)\n\t0x7ff8474a1123: win32u + 0x1123 (NtUserMessageCall + 0x13)\n\t0x7ff84929caf4: USER32 + 0xcaf4 (GetWindowTextW + 0x804)\n\t0x7ff84929c2ae: USER32 + 0xc2ae (IsIconic + 0xbe)\n\t0x7ff844b996f1: uxtheme + 0x96f1 (GetUserColorPreference + 0x1271)\n\t0x7ff844bb3451: uxtheme + 0x23451 (Ordinal96 + 0x491)\n\t0x7ff844b9b7d8: uxtheme + 0xb7d8 (IsCompositionActive + 0x1fb8)\n\t0x7ff844b9b240: uxtheme + 0xb240 (IsCompositionActive + 0x1a20)\n\t0x7ff84929c7e2: USER32 + 0xc7e2 (GetWindowTextW + 0x4f2)\n\t 0x5e810887: QtGui4 + 0x500887 (?widgetDestroyed@QInputContext@@UEAAXPEAVQWidget@@@Z + 0x307)\n\t 0x5e398b65: QtGui4 + 0x88b65 (?winMouseButtonUp@QApplication@@SAXXZ + 0xfc5)\n\t0x7ff84929e857: USER32 + 0xe857 (CallWindowProcW + 0x3f7)\n\t0x7ff84929e298: USER32 + 0xe298 (DispatchMessageW + 0x258)\n\t 0x5e153982: QtCore4 + 0x133982 (?processEvents@QEventDispatcherWin32@@UEAA_NV?$QFlags@W4ProcessEventsFlag@QEventLoop@@@@@Z + 0x3e2)\n\t 0x5e392004: QtGui4 + 0x82004 (?openPopup@QApplicationPrivate@@QEAAXPEAVQWidget@@@Z + 0x204)\n\t 0x5e12bb7b: QtCore4 + 0x10bb7b (?exec@QEventLoop@@QEAAHV?$QFlags@W4ProcessEventsFlag@QEventLoop@@@@@Z + 0x22b)\n\t 0x5e12e18f: QtCore4 + 0x10e18f (?exec@QCoreApplication@@SAHXZ + 0xdf)\n\t0x7ff6ba5a198b: quartus + 0x198b (?qgq_main@@YAHHPEAPEBD@Z + 0x8b)\n\t0x7ff833c43258: CCL_MSG + 0x13258 (?msg_main_thread@@YAPEAXPEAX@Z + 0x18)\n\t0x7ff833c44a5e: CCL_MSG + 0x14a5e (?msg_thread_wrapper@@YAPEAXP6APEAXPEAX@Z0@Z + 0x6e)\n\t0x7ff833c06af0: ccl_mem + 0x16af0 (?mem_thread_wrapper@@YAPEAXP6APEAXPEAX@Z0@Z + 0x70)\n\t0x7ff833c42af1: CCL_MSG + 0x12af1 (?msg_exe_main@@YAHHPEAPEBDP6AHH0@Z@Z + 0xa1)\n\t0x7ff6ba5a2777: quartus + 0x2777 (WinMain + 0x127)\n\t0x7ff6ba5a1f40: quartus + 0x1f40 (__tmainCRTStartup + 0x148)\n\t0x7ff8499e7033: KERNEL32 + 0x17033 (Base",
		"subsystem" : "unknown"
	},
	"quartus" : {
		"quartus_bits" : "64",
		"version" : "20.1.0",
		"build" : "711",
		"edition" : "Lite Edition"
	}
}